,ID,clock,dv,expired,direction,manType,r
0,0,1589221378.2242012,[ 1.19189538 -0.          0.59465065],True,[ 0.89481635 -0.          0.44643443],t,[21210.8379296      0.           844.24191976]
1,1,1589230178.2242012,[ 0.98429799 -0.          0.49107787],True,[ 0.89481635 -0.          0.44643443],t,[-2931.64675218     0.         -2030.32213632]
